date,platform,product_category,model_name,condition,median_price_usd,launch_price_usd,rolling_median_30,predicted_price_7d,predicted_change_7d_pct,discount_vs_30_observation_median_pct,median_rating,median_reviews,in_stock_share,deal_score
2026-07-20,Amazon,iPad,iPad Air (4th Gen) 64GB,Renewed/Refurbished,267.31,599,276.9275,284.3176476963095,6.362518310691521,3.472930640691158,4.0,9053.0,1.0,81.73387096774195
2026-07-29,Amazon,iPhone,iPhone 14 Pro 128GB,Renewed/Refurbished,489.16,999,555.085,531.8898306476955,8.735348484687107,11.876559445850637,4.2,5402.0,0.0,81.5524193548387
2026-07-30,Amazon,Mac,MacBook Pro 14-inch M3 Pro 512GB,Renewed/Refurbished,1246.09,1999,1402.6100000000001,1377.0036795522235,10.505956997666587,11.159196070183459,4.1,3183.0,1.0,81.27016129032259
2026-07-27,Flipkart,Watch,Apple Watch Series 6 (44mm),Renewed/Refurbished,189.13,429,194.26999999999998,200.88555094709943,6.2155929504041865,2.645802234004214,4.3,11170.0,0.0,80.80645161290323
2026-07-30,Amazon,Mac,MacBook Air M2 256GB,New,798.04,1199,892.2,837.3121951567513,4.921081043149631,10.55368751401032,4.5,3736.0,0.0,80.42338709677419
2026-07-30,Flipkart,Watch,Apple Watch Series 9 (45mm),Renewed/Refurbished,182.22,429,203.935,189.07870528317233,3.7639695330766805,10.648000588422784,4.1,5528.0,1.0,79.8991935483871
2026-07-31,Flipkart,iPad,iPad Pro 11-inch (M4) 256GB,New,787.2,999,801.7350000000001,802.3335180082709,1.9224489339774915,1.8129431794795137,4.9,2828.0,1.0,77.96370967741936
2026-07-31,Flipkart,Mac,MacBook Air M2 256GB,New,799.53,1199,899.49,833.9979907009229,4.311031568661949,11.11296401294067,4.3,3573.0,0.0,76.85483870967744
2026-07-31,Flipkart,Watch,Apple Watch Series 6 (44mm),New,252.63,429,258.845,258.04323118842024,2.1427507376084556,2.4010508219204665,4.6,5558.0,0.0,76.83467741935485
2026-07-31,Flipkart,iPad,iPad (9th Gen) 64GB,New,193.67,329,198.11,195.9798719477917,1.1926844363049105,2.241179142900422,4.7,7501.0,0.0,75.90725806451613
2026-07-31,Flipkart,iPhone,iPhone 15 128GB,Renewed/Refurbished,451.76,799,460.39,460.44940961728605,1.9234570606707235,1.8744977084645615,4.5,3803.0,1.0,75.90725806451613
2026-07-24,Flipkart,iPhone,iPhone 15 Pro Max 256GB,Renewed/Refurbished,712.78,1199,778.14,734.08639150419,2.9891960358301386,8.399516796463363,4.1,4077.0,1.0,75.62500000000001
2026-07-31,Amazon,iPhone,iPhone 15 128GB,Renewed/Refurbished,449.58,799,457.4475,467.9312959351592,4.081875513848306,1.7198694932205352,4.2,4641.0,1.0,74.77822580645162
2026-07-29,Flipkart,Watch,Apple Watch Series X (45mm),Renewed/Refurbished,235.64,429,255.4575,248.00585994891696,5.247776247206323,7.757650489807512,4.0,3274.0,1.0,74.67741935483872
2026-07-29,Amazon,iPad,iPad Pro 11-inch (M1) 128GB,New,472.92,799,479.2025,486.1387866421629,2.7951422317015373,1.3110323923602174,4.5,7465.0,0.0,74.61693548387098
2026-07-30,Flipkart,Watch,Apple Watch Series 8 (45mm),New,253.05,429,258.9775,257.7721423395095,1.8660906301163813,2.2888088733577274,4.9,2780.0,0.0,73.125
2026-07-31,Amazon,Watch,Apple Watch Series 7 (45mm),New,254.33,429,255.8275,257.7836389325664,1.357936119437898,0.5853553664089959,4.7,8065.0,0.0,71.79435483870968
2026-07-29,Flipkart,iPad,iPad Pro 11-inch (M4) 256GB,Renewed/Refurbished,573.65,999,640.255,607.6782731595196,5.931887589910152,10.402886349969936,4.0,2935.0,0.0,71.33064516129033
2026-07-23,Flipkart,iPhone,iPhone 13 128GB,Renewed/Refurbished,347.84,799,379.09000000000003,366.7242388206497,5.429001500876762,8.243425044184773,4.1,2614.0,0.0,70.38306451612904
2026-07-31,Amazon,Watch,Apple Watch Series X (45mm),Renewed/Refurbished,241.09,429,243.38,245.99156733485484,2.0330861233791664,0.9409154408743496,4.5,2286.0,1.0,69.6975806451613
2026-07-30,Amazon,iPhone,iPhone 15 Pro Max 256GB,Renewed/Refurbished,706.52,1199,766.425,730.1013730253927,3.3376794748050638,7.816159441563099,4.2,2763.0,0.0,69.69758064516128
2026-07-30,Amazon,iPhone,iPhone 12 64GB,Renewed/Refurbished,368.37,799,377.86,381.5595257336533,3.5805102841309777,2.5115122002858223,4.05,5027.5,0.0,69.25403225806451
2026-07-31,Amazon,Watch,Apple Watch Series 6 (44mm),Renewed/Refurbished,188.53,429,191.36,203.99051717110126,8.200560744232355,1.4788879598662272,4.0,4280.0,0.0,69.15322580645162
2026-07-31,Amazon,iPad,iPad Pro 12.9-inch (M2) 256GB,New,897.55,1199,901.005,923.1076901374917,2.847494862402285,0.3834606911171459,4.6,4054.0,0.0,68.52822580645162
2026-07-26,Amazon,Watch,Apple Watch Series 8 (45mm),Renewed/Refurbished,189.88,429,194.0575,204.9674267621176,7.945769308045933,2.1527124692423683,4.1,2607.0,0.0,68.28629032258065
2026-07-23,Amazon,Watch,Apple Watch Series 7 (45mm),Renewed/Refurbished,190.59,429,192.67000000000002,201.69874297667366,5.828607469790468,1.0795660974723684,3.9,6573.0,0.0,68.24596774193547
2026-07-31,Flipkart,iPad,iPad Air (5th Gen) 64GB,New,353.83,599,359.2275,357.9804138844667,1.1729966041507869,1.5025297339429848,4.3,8731.0,0.0,67.74193548387098
2026-07-26,Amazon,Watch,Apple Watch Ultra,New,491.7,799,496.705,495.78837854290424,0.8314782474891705,1.0076403499058788,4.8,4097.0,0.0,67.66129032258064
2026-07-29,Flipkart,iPad,iPad Air (5th Gen) 64GB,Renewed/Refurbished,266.53,599,270.18,272.2697681620464,2.1535167380956755,1.3509512177067267,4.3,4053.0,0.0,67.01612903225808
2026-07-24,Amazon,iPhone,iPhone 14 128GB,Renewed/Refurbished,378.01,799,390.8825,378.7968936301607,0.2081674109575686,3.2931891297256857,4.4,6467.0,0.0,66.61290322580646
2026-07-21,Amazon,iPhone,iPhone 13 Pro Max 256GB,Renewed/Refurbished,626.32,1199,637.59,626.1307896459755,-0.030209853433479223,1.767593594629775,4.3,7434.0,1.0,66.53225806451613
2026-07-29,Flipkart,iPhone,iPhone 12 Pro 128GB,Renewed/Refurbished,457.85,999,471.5075,465.37163510942173,1.6428164484922372,2.8965605000980834,3.8,10504.0,0.0,66.51209677419357
2026-07-30,Flipkart,iPad,iPad Air (4th Gen) 64GB,New,356.44,599,359.49,363.2685938540302,1.9157765273342504,0.8484241564438542,4.5,3914.0,0.0,66.22983870967742
2026-07-30,Flipkart,Mac,MacBook Air M2 256GB,Renewed/Refurbished,620.8,1199,672.0350000000001,628.0889108847882,1.1741157997403777,7.623858876397825,4.3,2789.0,0.0,66.12903225806453
2026-07-31,Amazon,iPad,iPad Pro 11-inch (M1) 128GB,Renewed/Refurbished,359.16,799,360.16499999999996,374.0986335650226,4.159325527626294,0.279038773895281,4.4,3301.0,0.0,65.56451612903226
2026-07-28,Amazon,Mac,MacBook Air M2 256GB,Renewed/Refurbished,621.11,1199,693.575,628.6047047121041,1.206663024601772,10.448040947265982,4.1,3146.0,0.0,64.8991935483871
2026-07-31,Amazon,Mac,MacBook Pro 14-inch M2 Pro 512GB,New,1677.045,1999,1693.495,1672.621166279603,-0.26378741896592933,0.9713639544256003,4.6,4792.0,0.5,62.721774193548384
2026-07-30,Flipkart,iPhone,iPhone 16 Pro 256GB,New,997.19,1099,999.8299999999999,1003.9877401133754,0.6816895589983165,0.2640448876308846,4.7,2538.0,1.0,61.875
2026-07-31,Flipkart,Mac,MacBook Air M3 256GB,New,883.83,1099,898.4775000000001,885.533250133067,0.19271241449904897,1.6302578528677718,4.3,3316.0,1.0,61.61290322580646
2026-07-31,Amazon,iPhone,iPhone 13 Pro Max 256GB,New,800.235,1199,795.13,809.4091316696682,1.1464296949856245,-0.6420333781897323,4.4,7444.0,0.5,61.61290322580645
2026-07-31,Flipkart,iPhone,iPhone 16 128GB,New,694.35,799,698.21,700.807345440911,0.9299842213452888,0.5528422680855349,4.6,2078.0,0.5,61.43145161290322
2026-07-29,Amazon,Mac,MacBook Pro 14-inch M1 Pro 512GB,Renewed/Refurbished,1188.88,1999,1180.71,1255.0741408121685,5.567773098392467,-0.6919565346274761,4.4,2740.0,0.0,61.048387096774206
2026-07-30,Amazon,iPad,iPad (9th Gen) 64GB,New,198.14,329,196.085,200.82172960023456,1.3534519028134528,-1.0480148915011236,4.75,4546.5,0.0,60.48387096774195
2026-07-31,Flipkart,Mac,MacBook Pro 14-inch M3 Pro 512GB,New,1789.0,1999,1801.7625,1795.8135862559484,0.38086004784507516,0.7083342005397518,4.4,2741.0,1.0,60.161290322580655
2026-07-29,Flipkart,Watch,Apple Watch Ultra 2,Renewed/Refurbished,450.19,799,473.065,450.06903902776816,-0.02686887141692216,4.835487723674337,4.3,3274.0,0.0,59.95967741935484
2026-07-29,Flipkart,iPhone,iPhone 14 Pro 128GB,New,697.52,999,701.3675000000001,696.6305979737792,-0.12750917912328685,0.5485711841509738,4.6,5418.0,0.0,58.77016129032258
2026-07-31,Flipkart,iPhone,iPhone 13 Pro Max 256GB,New,795.13,1199,795.8,797.5448416256515,0.30370400131444514,0.08419200804221652,4.8,3885.0,0.0,58.467741935483865
2026-07-31,Flipkart,Mac,MacBook Air M1 256GB,New,594.71,999,597.8075,598.8886563206443,0.7026376419841978,0.5181433822760618,4.4,3975.0,0.0,57.983870967741936
2026-07-31,Flipkart,Watch,Apple Watch Ultra,New,500.02,799,500.24,496.37414584811955,-0.7291416647094973,0.04397889013274174,4.8,6055.0,0.3333333333333333,57.392473118279575
2026-07-30,Amazon,iPhone,iPhone 16 Pro 256GB,New,995.88,1099,993.235,999.5127009687986,0.3647729614811669,-0.26630152984942956,4.8,1104.0,1.0,57.01612903225806
2026-07-29,Flipkart,Watch,Apple Watch Ultra 2,New,598.56,799,597.585,603.2178789051027,0.7781807847338169,-0.1631567057405907,4.4,2159.0,1.0,56.612903225806456
2026-07-29,Amazon,Watch,Apple Watch Ultra 2,Renewed/Refurbished,446.89,799,452.765,448.71815607425293,0.40908413127457427,1.2975826311662784,4.2,4003.0,0.0,55.826612903225815
2026-07-31,Amazon,iPhone,iPhone 13 128GB,New,483.0,799,479.75,481.25606853489126,-0.361062415136386,-0.6774361646690985,4.8,5249.5,0.5,55.564516129032256
2026-07-31,Amazon,iPhone,iPhone 16 128GB,Renewed/Refurbished,525.79,799,543.135,530.9228057020204,0.97620831549105,3.1934970127132347,3.9,2016.0,0.0,55.34274193548387
2026-07-30,Amazon,iPad,iPad Pro 11-inch (M4) 256GB,New,792.57,999,792.79,792.211534904889,-0.04522819373821879,0.02775009775601529,4.6,1656.0,1.0,55.22177419354839
2026-07-31,Flipkart,iPhone,iPhone 17 128GB,New,840.44,849,848.605,833.8477973729185,-0.7843751638524487,0.962167321663196,4.7,1116.5,0.75,55.141129032258064
2026-07-31,Amazon,Watch,Apple Watch Series X (45mm),New,325.63,429,326.70000000000005,324.48925270348093,-0.35032008614656707,0.32751760024488824,4.55,2043.0,1.0,55.00000000000001
2026-07-28,Amazon,iPad,iPad Air (5th Gen) 64GB,Renewed/Refurbished,271.85,599,271.33000000000004,273.78604116035797,0.7121725805988394,-0.19164854605092757,3.8,7136.0,1.0,54.25403225806452
2026-07-31,Flipkart,Mac,MacBook Pro 14-inch M4 Pro 512GB,New,1891.975,1999,1902.8875,1871.0857626189975,-1.1040969030247456,0.5734705808935178,4.6,2757.5,1.0,54.09274193548388
2026-07-30,Amazon,iPad,iPad Air (5th Gen) 64GB,New,359.35,599,358.34000000000003,352.9259621979437,-1.7876827054560507,-0.28185522129820584,4.8,7551.0,1.0,54.03225806451613
2026-07-30,Amazon,iPhone,iPhone 12 64GB,New,488.47,799,479.83,491.26510679251277,0.5722166750287101,-1.8006377258612518,4.7,8301.0,0.0,53.56854838709677
2026-07-31,Flipkart,iPad,iPad Pro 12.9-inch (M2) 256GB,New,899.3299999999999,1199,896.245,892.5813338466714,-0.750410433692692,-0.34421391472197027,4.4,6527.0,1.0,53.38709677419355
2026-07-30,Flipkart,Watch,Apple Watch Series 7 (45mm),New,256.27,429,258.48,256.0923152148248,-0.06933499245919857,0.8549984524915026,4.2,4977.0,0.0,52.923387096774185
2026-07-22,Amazon,iPad,iPad Pro 12.9-inch (M2) 256GB,Renewed/Refurbished,685.48,1199,696.665,676.1184029450648,-1.3656995178466562,1.605506233268493,4.2,4435.0,1.0,52.68145161290323
2026-07-30,Flipkart,Watch,Apple Watch Series 7 (45mm),Renewed/Refurbished,189.65,429,202.485,185.33320127704383,-2.2761923137127225,6.3387411413191135,4.3,3397.0,1.0,52.016129032258064
2026-07-26,Flipkart,Mac,MacBook Pro 14-inch M1 Pro 512GB,Renewed/Refurbished,1301.6,1999,1230.67,1341.96947398475,3.1015268888099365,-5.763527184379226,4.0,7150.0,1.0,51.81451612903226
2026-07-25,Amazon,Watch,Apple Watch Series 6 (44mm),New,258.92,429,257.0,254.8676416143736,-1.5651005660537638,-0.747081712062263,4.7,6717.0,1.0,51.79435483870968
2026-07-31,Flipkart,iPhone,iPhone 12 Pro 128GB,New,600.82,999,599.7625,593.9627158940999,-1.1413208791152314,-0.17631979325149613,4.7,3494.0,1.0,51.71370967741935
2026-07-31,Amazon,iPhone,iPhone 12 Pro 128GB,New,596.25,999,594.995,584.9829425479356,-1.8896532414363714,-0.2109261422364886,4.85,6243.0,0.5,49.83870967741936
2026-07-29,Flipkart,iPhone,iPhone 14 128GB,New,497.71500000000003,799,498.74,493.02051743416166,-0.9432069690160775,0.20551790512090012,4.35,6205.5,0.0,49.375
2026-07-29,Amazon,iPad,iPad Air (4th Gen) 64GB,New,360.4,599,358.78,356.32412094625187,-1.1309320348912628,-0.45153018562907765,4.5,8995.0,0.0,48.89112903225807
2026-07-31,Amazon,Watch,Apple Watch Ultra 2,New,601.12,799,600.335,586.169126213041,-2.4871695812747956,-0.13076032548493227,4.9,4359.0,1.0,48.04435483870967
2026-07-30,Flipkart,iPhone,iPhone 12 64GB,New,486.37,799,477.8375,484.72898363204985,-0.3374008199416407,-1.7856488869123974,4.5,8821.0,0.0,47.358870967741936
2026-07-30,Amazon,iPhone,iPhone 12 Pro 128GB,Renewed/Refurbished,448.2,999,441.01,453.2547544205043,1.1277899197912338,-1.6303485181741906,4.0,4278.0,1.0,47.2983870967742
2026-07-31,Amazon,iPhone,iPhone 14 128GB,New,503.88,799,497.405,493.8861646965148,-1.9833760624524064,-1.3017561142328733,4.8,6543.0,1.0,46.29032258064516
2026-07-31,Amazon,iPhone,iPhone 17 128GB,New,844.12,849,846.9100000000001,828.9763801894758,-1.7940126771696239,0.32943287952675926,4.7,1233.5,0.5,45.58467741935484
2026-07-23,Flipkart,Mac,MacBook Pro 14-inch M3 Pro 512GB,Renewed/Refurbished,1427.98,1999,1407.635,1439.168605453738,0.7835267618410685,-1.4453320640649052,4.1,2611.0,1.0,44.65725806451613
2026-07-30,Flipkart,Mac,MacBook Pro 14-inch M1 Pro 512GB,New,1578.65,1999,1592.8049999999998,1540.791691998345,-2.3981444906505645,0.8886837999629426,4.5,4550.0,0.0,44.53629032258064
2026-07-29,Amazon,Mac,MacBook Air M1 256GB,New,599.07,999,598.785,587.9982065831301,-1.8481635563239558,-0.047596382674930375,4.4,5731.0,0.0,43.62903225806451
2026-07-29,Flipkart,iPhone,iPhone 13 128GB,New,485.05,799,479.57,479.16270751486184,-1.2137496103779353,-1.1426903267510515,4.3,4872.0,1.0,43.38709677419355
2026-07-28,Amazon,Watch,Apple Watch Series 9 (45mm),Renewed/Refurbished,203.935,429,193.95499999999998,205.16655262024005,0.6038946822468197,-5.145523446160202,4.25,3560.5,1.0,43.04435483870968
2026-07-30,Flipkart,Watch,Apple Watch Series 8 (45mm),Renewed/Refurbished,201.34,429,198.8775,200.52499171785996,-0.40479203443927775,-1.2381993940993856,4.2,7676.0,0.0,42.600806451612904
2026-07-31,Flipkart,iPad,iPad Pro 11-inch (M1) 128GB,New,485.26,799,478.27,479.23890765263616,-1.2407971700457143,-1.4615175528467204,4.4,8882.0,0.0,40.645161290322584
2026-07-31,Flipkart,Watch,Apple Watch Ultra,Renewed/Refurbished,365.91,799,379.83000000000004,357.15904267987344,-2.3915600339227097,3.664797409367352,4.1,2576.0,0.0,39.65725806451613
2026-07-31,Flipkart,iPad,iPad (9th Gen) 64GB,Renewed/Refurbished,159.54,329,156.42000000000002,158.85643068688182,-0.42846265081996365,-1.9946298427310931,4.3,5533.0,0.0,39.43548387096774
2026-07-31,Flipkart,iPhone,iPhone 15 128GB,New,605.37,799,599.0425,600.55867065199,-0.7947749885210637,-1.0562689625527382,4.2,2112.0,1.0,38.56854838709678
2026-07-31,Flipkart,iPhone,iPhone 15 Pro Max 256GB,New,1018.87,1199,998.1175000000001,1008.2222102199829,-1.045058719956137,-2.0791640262794653,4.5,4403.0,0.0,38.24596774193549
2026-07-27,Flipkart,Mac,MacBook Pro 14-inch M4 Pro 512GB,Renewed/Refurbished,1494.9850000000001,1999,1482.7350000000001,1478.534976349229,-1.1003470704235208,-0.8261759518727216,4.199999999999999,2458.5,1.0,38.104838709677416
2026-07-30,Amazon,Watch,Apple Watch Series 8 (45mm),New,256.99,429,256.9975,252.17456911549482,-1.8737814251547493,0.002918316326031646,4.3,3207.0,0.0,37.17741935483871
2026-07-30,Amazon,Mac,MacBook Air M3 256GB,New,906.06,1099,896.0575,892.7841352557675,-1.4652301993502002,-1.1162788102325956,4.3,2149.0,1.0,37.17741935483871
2026-07-29,Amazon,iPhone,iPhone 15 128GB,New,600.87,799,595.96,585.7346877470941,-2.518899637676356,-0.8238807973689456,4.65,3983.0,0.0,36.08870967741935
2026-07-31,Amazon,Watch,Apple Watch Series 9 (45mm),New,260.18,429,257.4475,254.43440659344571,-2.208314784593086,-1.061381446702732,4.5,4087.0,0.0,36.028225806451616
2026-07-30,Amazon,iPhone,iPhone 14 Pro 128GB,New,705.3299999999999,999,699.28,684.8015523895443,-2.9104741908688987,-0.8651756091980258,4.35,4087.0,1.0,35.70564516129032
2026-07-31,Flipkart,iPad,iPad Pro 12.9-inch (M2) 256GB,Renewed/Refurbished,741.15,1199,713.2149999999999,738.527864594112,-0.3537928092677599,-3.916771240088902,4.2,5049.0,0.0,35.50403225806452
2026-07-31,Flipkart,Watch,Apple Watch Series 9 (45mm),New,260.0,429,256.43,255.7246730681237,-1.6443565122601127,-1.3921928011543083,4.3,1779.0,1.0,33.9516129032258
2026-07-31,Amazon,iPhone,iPhone 16 128GB,New,704.55,799,696.0575,684.361590615857,-2.8654331678579115,-1.220085984275717,4.6,2186.0,1.0,33.77016129032258
2026-07-28,Amazon,Mac,MacBook Air M3 256GB,Renewed/Refurbished,697.76,1099,693.71,693.5004216672602,-0.6104646773589496,-0.5838174453301745,4.0,1488.0,0.0,33.58870967741936
2026-07-31,Flipkart,Mac,MacBook Pro 14-inch M2 Pro 512GB,New,1720.53,1999,1698.5949999999998,1682.908946966314,-2.1865967483092965,-1.2913613898545666,4.2,3807.0,1.0,33.32661290322581
2026-07-31,Flipkart,Mac,MacBook Air M3 256GB,Renewed/Refurbished,703.89,1099,706.165,680.080636745116,-3.3825403479072063,0.3221626673652726,4.0,3071.0,1.0,31.895161290322584
2026-07-29,Amazon,Mac,MacBook Pro 14-inch M3 Pro 512GB,New,1827.44,1999,1791.275,1795.9465298884081,-1.723365479117888,-2.018952980418973,4.3,4685.0,0.0,31.85483870967742
2026-07-31,Amazon,iPhone,iPhone 17 128GB,Renewed/Refurbished,657.3,849,648.38,645.6056561326245,-1.779148618191912,-1.3757364508467194,4.2,1020.0,1.0,30.74596774193548
2026-07-30,Amazon,iPhone,iPhone 15 Pro Max 256GB,New,1009.115,1199,994.685,977.6706087476192,-3.1160364529692646,-1.450710526448078,4.5,3803.5,0.5,30.58467741935484
2026-07-27,Amazon,iPhone,iPhone 16 Pro 256GB,Renewed/Refurbished,797.46,1099,755.86,779.5517093076617,-2.245666327130937,-5.503664699812137,4.4,3342.0,1.0,30.241935483870968
2026-07-31,Flipkart,Watch,Apple Watch Series X (45mm),New,333.8,429,328.9575,326.09656535996777,-2.3077994727478255,-1.472074660100478,4.2,3698.0,1.0,29.778225806451612
2026-07-28,Amazon,Mac,MacBook Pro 14-inch M1 Pro 512GB,New,1619.2,1999,1597.6675,1525.4835098963497,-5.787826710946786,-1.347746010981636,4.9,3063.0,0.0,28.20564516129032
2026-07-30,Amazon,iPhone,iPhone 13 128GB,Renewed/Refurbished,386.7,799,370.305,384.68718572377685,-0.5205105446659268,-4.427431441649446,3.8,3110.0,0.0,25.786290322580648
2026-07-31,Amazon,Mac,MacBook Pro 14-inch M4 Pro 512GB,New,1913.47,1999,1891.7350000000001,1862.88533885276,-2.6436087917364794,-1.1489452803907472,4.3,2214.0,0.0,24.838709677419352
2026-07-29,Amazon,iPad,iPad Pro 11-inch (M4) 256GB,Renewed/Refurbished,651.85,999,617.1949999999999,633.2152145042717,-2.8587536236447573,-5.614919109843743,4.3,2731.0,1.0,23.14516129032258
2026-07-21,Flipkart,Mac,MacBook Air M1 256GB,Renewed/Refurbished,485.085,999,467.74,468.2304382209169,-3.4745584338998525,-3.70825672382092,4.25,6396.5,0.0,21.91532258064516
2026-07-28,Flipkart,iPhone,iPhone 16 Pro 256GB,Renewed/Refurbished,809.95,1099,783.3175,778.0664703130343,-3.9364812256269825,-3.399962339664319,4.3,2266.0,1.0,21.29032258064516
2026-07-31,Flipkart,iPhone,iPhone 12 64GB,Renewed/Refurbished,394.54,799,367.66999999999996,374.6156197768785,-5.050027937122103,-7.308183969320332,4.5,4714.0,0.0,20.745967741935484
2026-07-31,Amazon,iPad,iPad (9th Gen) 64GB,Renewed/Refurbished,160.095,329,156.9375,152.09199204691618,-4.998911866756503,-2.011947431302269,4.15,4156.5,0.5,20.32258064516129
2026-07-24,Flipkart,iPad,iPad Air (4th Gen) 64GB,Renewed/Refurbished,296.29999999999995,599,278.795,284.9323832370997,-3.83652270094507,-6.278807008733994,3.9,7438.5,1.0,20.02016129032258
2026-07-25,Flipkart,iPhone,iPhone 14 Pro 128GB,Renewed/Refurbished,559.33,999,545.635,526.5868059039753,-5.85400284197606,-2.5099196349207897,4.0,4612.0,1.0,19.71774193548387
2026-07-28,Amazon,Watch,Apple Watch Ultra,Renewed/Refurbished,389.2,799,368.645,370.08780466697254,-4.9106360054027345,-5.575824980672465,4.3,5193.0,0.0,19.516129032258064
2026-07-31,Flipkart,iPhone,iPhone 17 128GB,Renewed/Refurbished,684.63,849,662.0699999999999,668.6142771210419,-2.339325311329924,-3.4074946757895783,3.95,781.5,1.0,19.032258064516128
2026-07-13,Flipkart,iPhone,iPhone 14 128GB,Renewed/Refurbished,409.99,799,379.925,382.04758049914363,-6.815390497538081,-7.913403961308152,4.3,7201.0,0.0,17.983870967741936
2026-07-28,Amazon,Mac,MacBook Air M1 256GB,Renewed/Refurbished,506.65,999,457.935,461.7002669356111,-8.871949682105765,-10.637972638038145,4.1,6871.0,1.0,17.80241935483871
2026-07-30,Flipkart,iPhone,iPhone 16 128GB,Renewed/Refurbished,550.995,799,535.1825,531.9823990683078,-3.4505940946273905,-2.954599599202141,4.05,2627.5,0.5,16.431451612903224
2026-07-25,Amazon,Mac,MacBook Pro 14-inch M2 Pro 512GB,Renewed/Refurbished,1390.1,1999,1287.1799999999998,1362.7479179235208,-1.9676341325429152,-7.995773706863071,3.9,3403.0,0.0,16.22983870967742
2026-07-31,Flipkart,iPad,iPad Pro 11-inch (M1) 128GB,Renewed/Refurbished,396.36,799,373.70000000000005,381.9840568833841,-3.626991400902192,-6.0636874498260545,3.8499999999999996,6315.0,0.0,14.314516129032256
2026-07-31,Flipkart,iPhone,iPhone 13 Pro Max 256GB,Renewed/Refurbished,664.39,1199,616.9449999999999,616.4044832859908,-7.222492318368615,-7.690312750731436,4.1,5565.0,0.0,12.883064516129034
2026-07-31,Amazon,Mac,MacBook Pro 14-inch M4 Pro 512GB,Renewed/Refurbished,1640.94,1999,1440.875,1450.9807893184206,-11.576243536118286,-13.884965732627746,4.3,1035.0,1.0,12.822580645161292
2026-07-26,Flipkart,Mac,MacBook Pro 14-inch M2 Pro 512GB,Renewed/Refurbished,1360.37,1999,1297.6375,1316.792803420703,-3.203334135514377,-4.834362447139501,3.8,2640.0,0.0,11.028225806451612
