feature,importance
maximum_price_usd,13.23685080523539
minimum_price_usd,10.270821850577528
rolling_std_7,8.919983291411508
median_price_usd,7.033443051461192
rolling_mean_30,6.978012726971405
launch_price_usd,6.731335044937338
rolling_mean_14,5.222206853846301
rolling_mean_7,5.088276094119497
rolling_median_7,4.568457256069365
rolling_std_14,4.397591389933347
price_lag_1,2.9908425221490953
rolling_median_30,2.8971874366405435
price_lag_7,2.5654057958813463
rolling_median_14,2.3670253716773173
week_of_year,1.7573713621072315
price_index,1.7197853928138482
condition,1.6426157471129064
rolling_std_30,1.4219593087479134
quarter,1.2562603232772485
median_discount_pct,1.1058859490603532
days_since_first_seen,1.0474334304901625
price_lag_30,0.9583410675640794
price_change_1_observation_pct,0.8299714209601728
price_lag_14,0.7922110706102221
median_reviews,0.7499633173309092
month,0.7261249490521381
year,0.6284589078387374
sale_event,0.5536338386926518
price_change_7_observations_pct,0.44046481016841654
median_rating,0.21623573280320718
day_of_week,0.15534652734112842
price_range_usd,0.1538432005850627
listing_count,0.11211150487564411
product_category,0.0986735446857933
platform,0.09561875659455427
low_stock_share,0.06915098746822083
in_stock_share,0.06094094667301481
out_of_stock_share,0.053280989118620115
is_weekend,0.04370921273101713
model_name,0.04316821038553038
